semana_id;etiqueta;ingrediente;en_casa
2026-09-14;3ª semana de septiembre (14-20);aceite de oliva;si
2026-09-14;3ª semana de septiembre (14-20);aguacate;no
2026-09-14;3ª semana de septiembre (14-20);ajo;si
2026-09-14;3ª semana de septiembre (14-20);berenjena;no
2026-09-14;3ª semana de septiembre (14-20);brócoli;no
2026-09-14;3ª semana de septiembre (14-20);calabacín;no
2026-09-14;3ª semana de septiembre (14-20);calamares;no
2026-09-14;3ª semana de septiembre (14-20);carne picada de pollo;no
2026-09-14;3ª semana de septiembre (14-20);cebolla;no
2026-09-14;3ª semana de septiembre (14-20);croquetas congeladas;no
2026-09-14;3ª semana de septiembre (14-20);espárragos trigueros;no
2026-09-14;3ª semana de septiembre (14-20);gambas;no
2026-09-14;3ª semana de septiembre (14-20);guindilla;si
2026-09-14;3ª semana de septiembre (14-20);gulas;no
2026-09-14;3ª semana de septiembre (14-20);hamburguesa de pollo;no
2026-09-14;3ª semana de septiembre (14-20);harina;si
2026-09-14;3ª semana de septiembre (14-20);huevos;no
2026-09-14;3ª semana de septiembre (14-20);jamón cocido;no
2026-09-14;3ª semana de septiembre (14-20);lentejas;no
2026-09-14;3ª semana de septiembre (14-20);limón;no
2026-09-14;3ª semana de septiembre (14-20);lomo de cerdo;no
2026-09-14;3ª semana de septiembre (14-20);lomo de salmón;no
2026-09-14;3ª semana de septiembre (14-20);macarrones;no
2026-09-14;3ª semana de septiembre (14-20);merluza;no
2026-09-14;3ª semana de septiembre (14-20);nata para cocinar;no
2026-09-14;3ª semana de septiembre (14-20);nuggets de pollo;no
2026-09-14;3ª semana de septiembre (14-20);pan de hamburguesa;no
2026-09-14;3ª semana de septiembre (14-20);patata;no
2026-09-14;3ª semana de septiembre (14-20);patatas paja;no
2026-09-14;3ª semana de septiembre (14-20);pechuga de pollo;no
2026-09-14;3ª semana de septiembre (14-20);pimiento rojo;no
2026-09-14;3ª semana de septiembre (14-20);pimiento verde;no
2026-09-14;3ª semana de septiembre (14-20);puerro;no
2026-09-14;3ª semana de septiembre (14-20);queso en lonchas;no
2026-09-14;3ª semana de septiembre (14-20);queso fresco;no
2026-09-14;3ª semana de septiembre (14-20);queso rallado;no
2026-09-14;3ª semana de septiembre (14-20);salchichas;no
2026-09-14;3ª semana de septiembre (14-20);salmón ahumado;no
2026-09-14;3ª semana de septiembre (14-20);salsa de soja;si
2026-09-14;3ª semana de septiembre (14-20);tomate;no
2026-09-14;3ª semana de septiembre (14-20);tomate frito;no
2026-09-14;3ª semana de septiembre (14-20);tortillas de trigo;no
2026-09-14;3ª semana de septiembre (14-20);zanahoria;no
2026-09-21;4ª semana de septiembre (21-27);aceite de oliva;si
2026-09-21;4ª semana de septiembre (21-27);ajo;si
2026-09-21;4ª semana de septiembre (21-27);arroz;si
2026-09-21;4ª semana de septiembre (21-27);calabacín;si
2026-09-21;4ª semana de septiembre (21-27);calamares;no
2026-09-21;4ª semana de septiembre (21-27);caldo de pollo;si
2026-09-21;4ª semana de septiembre (21-27);cebolla;si
2026-09-21;4ª semana de septiembre (21-27);croquetas congeladas;no
2026-09-21;4ª semana de septiembre (21-27);fideos;si
2026-09-21;4ª semana de septiembre (21-27);gambas;no
2026-09-21;4ª semana de septiembre (21-27);guisantes;no
2026-09-21;4ª semana de septiembre (21-27);gulas;no
2026-09-21;4ª semana de septiembre (21-27);hamburguesa de pollo;no
2026-09-21;4ª semana de septiembre (21-27);harina;si
2026-09-21;4ª semana de septiembre (21-27);huevos;no
2026-09-21;4ª semana de septiembre (21-27);jamón cocido;no
2026-09-21;4ª semana de septiembre (21-27);lomo de cerdo;no
2026-09-21;4ª semana de septiembre (21-27);macarrones;si
2026-09-21;4ª semana de septiembre (21-27);pan de hamburguesa;no
2026-09-21;4ª semana de septiembre (21-27);patata;no
2026-09-21;4ª semana de septiembre (21-27);pechuga de pollo;no
2026-09-21;4ª semana de septiembre (21-27);perejil;si
2026-09-21;4ª semana de septiembre (21-27);puerro;no
2026-09-21;4ª semana de septiembre (21-27);queso en lonchas;no
2026-09-21;4ª semana de septiembre (21-27);queso fresco;no
2026-09-21;4ª semana de septiembre (21-27);queso rallado;si
2026-09-21;4ª semana de septiembre (21-27);salchichas;no
2026-09-21;4ª semana de septiembre (21-27);tomate;no
2026-09-21;4ª semana de septiembre (21-27);tomate frito;no
2026-09-21;4ª semana de septiembre (21-27);zanahoria;no
2026-09-28;1ª semana de octubre (28 sep - 4 oct);aceite de oliva;si
2026-09-28;1ª semana de octubre (28 sep - 4 oct);aguacate;no
2026-09-28;1ª semana de octubre (28 sep - 4 oct);ajo;si
2026-09-28;1ª semana de octubre (28 sep - 4 oct);albahaca;si
2026-09-28;1ª semana de octubre (28 sep - 4 oct);almendras;no
2026-09-28;1ª semana de octubre (28 sep - 4 oct);arroz;si
2026-09-28;1ª semana de octubre (28 sep - 4 oct);atún en conserva;no
2026-09-28;1ª semana de octubre (28 sep - 4 oct);berenjena;no
2026-09-28;1ª semana de octubre (28 sep - 4 oct);brócoli;no
2026-09-28;1ª semana de octubre (28 sep - 4 oct);café;no
2026-09-28;1ª semana de octubre (28 sep - 4 oct);calabacín;si
2026-09-28;1ª semana de octubre (28 sep - 4 oct);caldo de pollo;si
2026-09-28;1ª semana de octubre (28 sep - 4 oct);carne picada de pollo;no
2026-09-28;1ª semana de octubre (28 sep - 4 oct);cebolla;si
2026-09-28;1ª semana de octubre (28 sep - 4 oct);cereales integrales;no
2026-09-28;1ª semana de octubre (28 sep - 4 oct);croquetas congeladas;no
2026-09-28;1ª semana de octubre (28 sep - 4 oct);espárragos trigueros;no
2026-09-28;1ª semana de octubre (28 sep - 4 oct);fideos;si
2026-09-28;1ª semana de octubre (28 sep - 4 oct);filetes de ternera;no
2026-09-28;1ª semana de octubre (28 sep - 4 oct);gambas;no
2026-09-28;1ª semana de octubre (28 sep - 4 oct);garbanzos cocidos;no
2026-09-28;1ª semana de octubre (28 sep - 4 oct);guindilla;si
2026-09-28;1ª semana de octubre (28 sep - 4 oct);guisantes;no
2026-09-28;1ª semana de octubre (28 sep - 4 oct);gulas;no
2026-09-28;1ª semana de octubre (28 sep - 4 oct);huevos;no
2026-09-28;1ª semana de octubre (28 sep - 4 oct);jamón cocido;no
2026-09-28;1ª semana de octubre (28 sep - 4 oct);jamón serrano;no
2026-09-28;1ª semana de octubre (28 sep - 4 oct);leche;no
2026-09-28;1ª semana de octubre (28 sep - 4 oct);lechuga;no
2026-09-28;1ª semana de octubre (28 sep - 4 oct);lomo de salmón;no
2026-09-28;1ª semana de octubre (28 sep - 4 oct);macarrones;si
2026-09-28;1ª semana de octubre (28 sep - 4 oct);manzana;no
2026-09-28;1ª semana de octubre (28 sep - 4 oct);mayonesa;si
2026-09-28;1ª semana de octubre (28 sep - 4 oct);merluza;no
2026-09-28;1ª semana de octubre (28 sep - 4 oct);mozzarella;no
2026-09-28;1ª semana de octubre (28 sep - 4 oct);naranja;no
2026-09-28;1ª semana de octubre (28 sep - 4 oct);nata para cocinar;no
2026-09-28;1ª semana de octubre (28 sep - 4 oct);pan;no
2026-09-28;1ª semana de octubre (28 sep - 4 oct);pan de hamburguesa;no
2026-09-28;1ª semana de octubre (28 sep - 4 oct);pan integral;no
2026-09-28;1ª semana de octubre (28 sep - 4 oct);patata;no
2026-09-28;1ª semana de octubre (28 sep - 4 oct);patatas paja;no
2026-09-28;1ª semana de octubre (28 sep - 4 oct);pechuga de pavo en lonchas;no
2026-09-28;1ª semana de octubre (28 sep - 4 oct);pechuga de pollo;no
2026-09-28;1ª semana de octubre (28 sep - 4 oct);perejil;si
2026-09-28;1ª semana de octubre (28 sep - 4 oct);pimentón;si
2026-09-28;1ª semana de octubre (28 sep - 4 oct);pimiento rojo;no
2026-09-28;1ª semana de octubre (28 sep - 4 oct);plátano;no
2026-09-28;1ª semana de octubre (28 sep - 4 oct);puerro;no
2026-09-28;1ª semana de octubre (28 sep - 4 oct);queso en lonchas;no
2026-09-28;1ª semana de octubre (28 sep - 4 oct);queso fresco;no
2026-09-28;1ª semana de octubre (28 sep - 4 oct);queso rallado;si
2026-09-28;1ª semana de octubre (28 sep - 4 oct);tomate;no
2026-09-28;1ª semana de octubre (28 sep - 4 oct);tomate frito;no
2026-09-28;1ª semana de octubre (28 sep - 4 oct);yogur natural;no
2026-09-28;1ª semana de octubre (28 sep - 4 oct);zanahoria;no
2026-10-05;2ª semana de octubre (5-11);aceite de oliva;si
2026-10-05;2ª semana de octubre (5-11);aguacate;no
2026-10-05;2ª semana de octubre (5-11);ajo;si
2026-10-05;2ª semana de octubre (5-11);arroz;si
2026-10-05;2ª semana de octubre (5-11);azúcar;no
2026-10-05;2ª semana de octubre (5-11);berenjena;no
2026-10-05;2ª semana de octubre (5-11);cacao soluble;no
2026-10-05;2ª semana de octubre (5-11);calabacín;si
2026-10-05;2ª semana de octubre (5-11);caldo de pollo;si
2026-10-05;2ª semana de octubre (5-11);carne picada de pollo;no
2026-10-05;2ª semana de octubre (5-11);cebolla;si
2026-10-05;2ª semana de octubre (5-11);fideos;si
2026-10-05;2ª semana de octubre (5-11);filetes de ternera;no
2026-10-05;2ª semana de octubre (5-11);galletas integrales;no
2026-10-05;2ª semana de octubre (5-11);gambas;no
2026-10-05;2ª semana de octubre (5-11);guindilla;si
2026-10-05;2ª semana de octubre (5-11);gulas;no
2026-10-05;2ª semana de octubre (5-11);harina;si
2026-10-05;2ª semana de octubre (5-11);huevos;no
2026-10-05;2ª semana de octubre (5-11);judías blancas cocidas;no
2026-10-05;2ª semana de octubre (5-11);leche;no
2026-10-05;2ª semana de octubre (5-11);lentejas;no
2026-10-05;2ª semana de octubre (5-11);macarrones;si
2026-10-05;2ª semana de octubre (5-11);merluza;no
2026-10-05;2ª semana de octubre (5-11);nata para cocinar;no
2026-10-05;2ª semana de octubre (5-11);pan integral;no
2026-10-05;2ª semana de octubre (5-11);patata;no
2026-10-05;2ª semana de octubre (5-11);patatas paja;no
2026-10-05;2ª semana de octubre (5-11);pechuga de pavo en lonchas;no
2026-10-05;2ª semana de octubre (5-11);pechuga de pollo;no
2026-10-05;2ª semana de octubre (5-11);perejil;si
2026-10-05;2ª semana de octubre (5-11);pimiento verde;no
2026-10-05;2ª semana de octubre (5-11);plátano;no
2026-10-05;2ª semana de octubre (5-11);puerro;no
2026-10-05;2ª semana de octubre (5-11);queso rallado;si
2026-10-05;2ª semana de octubre (5-11);salchichas;no
2026-10-05;2ª semana de octubre (5-11);tomate;no
2026-10-05;2ª semana de octubre (5-11);tomate frito;no
2026-10-05;2ª semana de octubre (5-11);tomate triturado;no
2026-10-05;2ª semana de octubre (5-11);yogur natural;no
2026-10-05;2ª semana de octubre (5-11);zanahoria;no
