objetivo;tipos;minimo;maximo
Verduras;Verdura;5;12
Fruta;Fruta;7;14
Lácteos;Lácteo|Queso;7;14
Pan y cereales;Pan y cereales;5;12
Patatas y tubérculos;Tubérculo;2;5
Legumbres;Legumbre;1;3
Arroz;Arroz;2;4
Pasta;Pasta;2;4
Pescado y marisco;Pescado blanco|Pescado azul|Marisco;2;3
Pescado azul;Pescado azul;0;2
Carne blanca;Carne blanca;2;4
Carne roja;Carne roja;0;1
Embutido y fiambre;Embutido y fiambre;0;2
Huevo;Huevo;2;4
Fruto seco;Fruto seco;0;2
Preparado o congelado;Preparado o congelado;0;2
Guardería;Guardería;0;5
Fuera de casa;Fuera de casa;0;2
