nombre;adultos;nino;descripcion;tipo;momento;tiempo;repeticion;plato_unico;ingredientes
Ensaladilla rusa casera;si;no;Con patata, zanahoria, atún, huevo cocido y una mayonesa ligera.;Tubérculo|Verdura|Pescado azul|Huevo;comida;alto;media;no;patata|zanahoria|guisantes|atún en conserva|huevos|mayonesa
Paella de marisco y carne;si;no;Arroz con gambas, calamares, pimiento y pollo.;Arroz|Marisco|Carne blanca;comida;alto;ocasional;si;arroz|gambas|calamares|pimiento rojo|pechuga de pollo|caldo de pescado|azafrán|aceite de oliva
Garbanzos fritos;si;no;Salteado tradicional de garbanzos.;Legumbre;comida;bajo;alta;no;garbanzos cocidos|ajo|cebolla|pimentón|aceite de oliva
Lentejas con verduras y pollo;si;si;Cocinadas con zanahoria, calabacín, patata, pimiento y pollo.;Legumbre|Verdura|Carne blanca;comida;alto;alta;si;lentejas|zanahoria|calabacín|patata|pimiento verde|pechuga de pollo|cebolla|aceite de oliva
Judías blancas con verduras y gambas;si;no;Guiso suave de judías blancas con marisco y vegetales.;Legumbre|Verdura|Marisco;comida;medio;media;si;judías blancas cocidas|gambas|cebolla|pimiento verde|zanahoria|tomate triturado|ajo
Arroz con huevo y carne;si;si;Plato combinado de arroz, huevo a la plancha y carne.;Arroz|Huevo|Carne roja;comida;medio;alta;si;arroz|huevos|filetes de ternera|tomate frito|aceite de oliva
Ensalada de garbanzos;si;no;Con patata, zanahoria, atún, huevo cocido y una mayonesa ligera.;Legumbre|Tubérculo|Verdura|Pescado azul|Huevo;comida;medio;media;si;garbanzos cocidos|patata|zanahoria|atún en conserva|huevos|mayonesa
Gulas salteadas con gambas y ajo;si;si;Servidas solas, sobre una cama de patatas paja o en un revuelto.;Marisco;comida|cena;bajo;media;no;gulas|gambas|ajo|guindilla|aceite de oliva|patatas paja
Pimientos rellenos de bacalao y gambas;si;no;Acompañados de una salsa ligera de pimientos o tomate.;Verdura|Pescado blanco|Marisco;comida|cena;alto;baja;si;pimientos del piquillo|bacalao|gambas|cebolla|nata para cocinar|tomate triturado|harina
Sepia a la plancha con ajo y perejil;si;no;Acompañada de tomate con mozzarella.;Marisco|Verdura|Queso;cena;bajo;media;si;sepia|ajo|perejil|aceite de oliva|tomate|mozzarella
Tostas de tacos de salmón;si;no;Tostadas con tacos de salmón fresco o ahumado.;Pescado azul|Pan y cereales|Queso;cena;bajo;media;no;pan para tostas|salmón ahumado|queso crema|limón|eneldo
Gambas al ajillo tradicionales;si;no;Gambas salteadas con ajo y guindilla.;Marisco|Pan y cereales;cena;bajo;baja;no;gambas|ajo|guindilla|aceite de oliva|perejil|pan
Fajitas de pollo y pimientos;si;no;Tiras de pechuga salteadas con pimiento rojo, verde y cebolla.;Carne blanca|Verdura|Pan y cereales;comida|cena;medio;alta;si;tortillas de trigo|pechuga de pollo|pimiento rojo|pimiento verde|cebolla|especias para fajitas
Fajitas marineras;si;no;Con salmón ahumado, aguacate y un toque de queso fresco o mozzarella.;Pescado azul|Verdura|Grasa saludable|Queso;cena;bajo;media;si;tortillas de trigo|salmón ahumado|aguacate|queso fresco|limón
Tomate con mozzarella y aceite de oliva;si;no;La clásica ensalada Caprese, rápida, fresca y ligera.;Verdura|Queso;cena;bajo;siempre;no;tomate|mozzarella|aceite de oliva|albahaca
Fajitas de pavo, queso, lechuga y tomate;si;no;Fajitas frías o templadas, ideales sin encender fuego.;Carne blanca|Verdura|Queso|Pan y cereales;cena;bajo;alta;si;tortillas de trigo|pechuga de pavo en lonchas|queso en lonchas|lechuga|tomate
Pechugas de pollo a la plancha;si;no;Acompañadas de ensalada variada.;Carne blanca|Verdura;cena;bajo;siempre;si;pechuga de pollo|lechuga|tomate|zanahoria|aceite de oliva
Solomillo de cerdo o ternera a la plancha;si;no;Con guarnición de champiñones o guisantes.;Carne roja|Verdura;comida|cena;medio;media;si;solomillo de cerdo|champiñones|guisantes|ajo|aceite de oliva
Hamburguesas caseras de pollo con queso;si;no;En plato con ensalada o en pan con tomate fresco.;Carne blanca|Queso|Verdura|Pan y cereales;comida|cena;medio;media;si;carne picada de pollo|queso en lonchas|pan de hamburguesa|lechuga|tomate|cebolla
Tiras de lomo salteadas con verduras al wok;si;no;Con calabacín, zanahoria y pimientos en juliana.;Carne roja|Verdura;comida|cena;medio;alta;si;lomo de cerdo|calabacín|zanahoria|pimiento rojo|salsa de soja|aceite de oliva
Revuelto de gulas, gambas y huevo;si;si;Plato rápido y sabroso de sartén.;Huevo|Marisco;cena;bajo;media;no;huevos|gulas|gambas|ajo|aceite de oliva|perejil
Tortilla de patata y calabacín;si;no;Preparado de Mercadona, más jugosa y con un plus de verdura.;Huevo|Tubérculo|Verdura;cena;bajo;alta;no;tortilla de patata y calabacín|pan|tomate
Salmón con verduras;si;no;Preparado de Mercadona: lomo o tacos de salmón con hortalizas.;Pescado azul|Verdura|Arroz;comida|cena;bajo;alta;si;lomo de salmón|calabacín|zanahoria|cebolla|aceite de oliva
Restaurante;si;si;Ese día se come fuera: no entra en la lista de la compra.;Fuera de casa;comida|cena;bajo;nunca;si;
Parrillada de verduras;si;no;Calabacín, berenjena, pimiento, cebolla y espárragos a la plancha.;Verdura;comida|cena;medio;alta;no;calabacín|berenjena|pimiento rojo|cebolla|espárragos trigueros|aceite de oliva
Macarrones con queso y pollo;si;no;Macarrones gratinados con taquitos de pechuga y queso.;Pasta|Queso|Carne blanca;comida;medio;alta;si;macarrones|pechuga de pollo|queso rallado|nata para cocinar|aceite de oliva
Puré o crema de verduras;si;si;Zanahoria, patata, puerro y calabacín triturados.;Verdura|Tubérculo;comida|cena;medio;alta;no;zanahoria|patata|puerro|calabacín|aceite de oliva
Puré de verduras con pescado;si;si;La misma base de verduras con merluza.;Verdura|Tubérculo|Pescado blanco;comida|cena;medio;alta;si;zanahoria|patata|puerro|calabacín|merluza|aceite de oliva
Puré de verduras con carne;si;si;La misma base de verduras con pollo.;Verdura|Tubérculo|Carne blanca;comida|cena;medio;alta;si;zanahoria|patata|puerro|calabacín|pechuga de pollo|aceite de oliva
Empanadillas congeladas;no;si;Al horno o en freidora de aire.;Preparado o congelado;comida|cena;bajo;media;no;empanadillas congeladas
Croquetas congeladas;si;si;Al horno o en freidora de aire.;Preparado o congelado;comida|cena;bajo;media;no;croquetas congeladas
Sopa de pollo;si;si;Brick de caldo con fideos finos.;Carne blanca|Pasta;comida|cena;bajo;alta;no;caldo de pollo|fideos
Tortilla;no;si;Tortilla de patata, jugosa.;Huevo|Tubérculo;comida|cena;bajo;siempre;no;huevos|patata|aceite de oliva
Guisantes con jamón;si;si;Guisantes salteados con taquitos de jamón.;Legumbre|Embutido y fiambre;comida|cena;bajo;media;no;guisantes|jamón cocido|aceite de oliva
Calamares;si;si;Anillas a la plancha o rebozadas.;Marisco;comida|cena;bajo;media;no;calamares|harina|aceite de oliva
Hamburguesa de pollo;no;si;A la plancha, con pan o en plato.;Carne blanca|Pan y cereales;comida|cena;bajo;media;si;hamburguesa de pollo|pan de hamburguesa|tomate
Macarrones con salchichas;si;si;Macarrones con tomate y salchichas en rodajas.;Pasta|Embutido y fiambre|Queso;comida|cena;bajo;alta;si;macarrones|salchichas|tomate frito|queso rallado
Rollitos de la Yaya;si;si;Lonchas de jamón de york enrolladas con queso, receta de la yaya.;Embutido y fiambre|Queso;comida|cena;bajo;media;no;jamón cocido|queso en lonchas
Arroz con pollo;no;si;Arroz meloso con taquitos de pechuga.;Arroz|Carne blanca;comida|cena;medio;alta;si;arroz|pechuga de pollo|caldo de pollo|cebolla|aceite de oliva
Menú guarde;no;si;Ese día come en la guardería: no entra en la lista de la compra.;Guardería;comida;bajo;nunca;si;
Lomo con queso;si;si;Sin descripción.;Carne roja|Queso;comida|cena;bajo;media;no;lomo de cerdo|queso en lonchas
Queso fresco;si;si;Sin descripción.;Queso;comida|cena;medio;media;no;queso fresco
Niguiri de tortilla;si;si;Sin descripción.;Arroz|Huevo;comida|cena;medio;media;no;arroz|huevos
Berenjenas rellenas;si;si;Sin descripción.;Verdura|Carne blanca|Queso;comida|cena;alto;baja;no;berenjena|carne picada de pollo|tomate frito|queso rallado|cebolla
Brocoli;si;si;Sin descripción.;Verdura;comida|cena;medio;baja;no;brócoli|aceite de oliva
Nuggets de pollo conjelados;si;si;Sin descripción.;Carne blanca|Preparado o congelado;comida|cena;bajo;media;no;nuggets de pollo
Melón con Jamón;si;si;Sin descripción.;Carne roja;comida|cena;bajo;baja;no;jamón serrano
Patatas fritas;si;si;Guarnición de patatas fritas;Tubérculo;comida|cena;medio;media;no;patata
Ensalada preparada;si;si;Sin descripción.;Verdura|Carne blanca;comida|cena;bajo;media;no;
Tostada de pan integral con tomate y aceite;si;si;El desayuno de siempre, con pan integral.;Pan y cereales|Verdura|Grasa saludable;desayuno;bajo;siempre;no;pan integral|tomate|aceite de oliva
Tostada con aceite y jamón serrano;si;no;Pan integral con un hilo de aceite y jamón.;Pan y cereales|Embutido y fiambre|Grasa saludable;desayuno;bajo;alta;no;pan integral|aceite de oliva|jamón serrano
Café con leche;si;no;Café solo o cortado, según el día.;Lácteo;desayuno;bajo;siempre;no;leche|café
Vaso de leche con cacao;no;si;Leche templada con una cucharada de cacao.;Lácteo;desayuno|merienda;bajo;siempre;no;leche|cacao soluble
Yogur natural con fruta;si;si;Yogur sin azucarar con fruta troceada.;Lácteo|Fruta;desayuno|almuerzo|merienda;bajo;alta;si;yogur natural|plátano
Cereales integrales con leche;si;si;Copos integrales sin azúcares añadidos.;Pan y cereales|Lácteo;desayuno;bajo;alta;si;cereales integrales|leche
Tostada con queso fresco y nueces;si;si;Pan integral con queso fresco y un puñado de nueces.;Pan y cereales|Queso|Fruto seco;desayuno|merienda;bajo;media;no;pan integral|queso fresco|nueces
Tostada de tomate aguacate y pavo;si;si;Revuelto suave con pan integral.;Huevo|Fruta|Pan y cereales|Embutido y fiambre;desayuno;bajo;baja;si;huevos|pan integral|aceite de oliva|aguacate|pechuga de pavo en lonchas
Bizcocho casero de yogur;si;si;El de toda la vida, para el finde.;Pan y cereales|Lácteo;desayuno|merienda;alto;baja;no;harina|huevos|yogur natural|aceite de oliva|azúcar
Zumo de naranja natural;si;si;Recién exprimido.;Fruta;desayuno|almuerzo;bajo;media;no;naranja
Fruta de temporada;si;si;Una pieza entera, lo que haya.;Fruta;desayuno|almuerzo|merienda;bajo;siempre;si;manzana
Puñado de frutos secos;si;no;Almendras o nueces sin sal.;Fruto seco;almuerzo|merienda;bajo;alta;si;almendras
Yogur bebible;no;si;Para llevar, sin cuchara.;Lácteo;almuerzo|merienda;bajo;media;si;yogur bebible
Mini bocadillo de pavo;si;si;Pan pequeño con pechuga de pavo.;Pan y cereales|Embutido y fiambre;almuerzo|merienda;bajo;media;si;pan|pechuga de pavo en lonchas
Bocadillo de jamón serrano;si;no;Pan con tomate y jamón.;Pan y cereales|Embutido y fiambre|Verdura;merienda;bajo;media;si;pan|jamón serrano|tomate
Macedonia de frutas;si;si;Varias frutas troceadas.;Fruta;almuerzo|merienda;bajo;media;si;manzana|plátano|naranja|kiwi
Galletas integrales con leche;no;si;Un par de galletas mojadas en leche.;Pan y cereales|Lácteo;merienda;bajo;baja;si;galletas integrales|leche
Yogur griego con miel y nueces;si;no;Yogur espeso con miel y nueces picadas.;Lácteo|Fruto seco;merienda;bajo;baja;si;yogur griego|miel|nueces
