semana_id;etiqueta;inicio;fin;dia;momento;orden;plato
2026-09-14;3ª semana de septiembre (14-20);2026-09-14;2026-09-20;lunes;comida;1;Menú guarde
2026-09-14;3ª semana de septiembre (14-20);2026-09-14;2026-09-20;lunes;cena;1;Puré de verduras con pescado
2026-09-14;3ª semana de septiembre (14-20);2026-09-14;2026-09-20;lunes;cena;2;Hamburguesa de pollo
2026-09-14;3ª semana de septiembre (14-20);2026-09-14;2026-09-20;martes;comida;1;Menú guarde
2026-09-14;3ª semana de septiembre (14-20);2026-09-14;2026-09-20;martes;cena;1;Puré de verduras con pescado
2026-09-14;3ª semana de septiembre (14-20);2026-09-14;2026-09-20;martes;cena;2;Calamares
2026-09-14;3ª semana de septiembre (14-20);2026-09-14;2026-09-20;miércoles;comida;1;Menú guarde
2026-09-14;3ª semana de septiembre (14-20);2026-09-14;2026-09-20;miércoles;cena;1;Gulas salteadas con gambas y ajo
2026-09-14;3ª semana de septiembre (14-20);2026-09-14;2026-09-20;jueves;comida;1;Menú guarde
2026-09-14;3ª semana de septiembre (14-20);2026-09-14;2026-09-20;jueves;cena;1;Puré o crema de verduras
2026-09-14;3ª semana de septiembre (14-20);2026-09-14;2026-09-20;jueves;cena;2;Lomo con queso
2026-09-14;3ª semana de septiembre (14-20);2026-09-14;2026-09-20;viernes;comida;1;Menú guarde
2026-09-14;3ª semana de septiembre (14-20);2026-09-14;2026-09-20;viernes;cena;1;Puré o crema de verduras
2026-09-14;3ª semana de septiembre (14-20);2026-09-14;2026-09-20;viernes;cena;2;Tortilla
2026-09-14;3ª semana de septiembre (14-20);2026-09-14;2026-09-20;sábado;comida;1;Macarrones con salchichas
2026-09-14;3ª semana de septiembre (14-20);2026-09-14;2026-09-20;sábado;cena;1;Croquetas congeladas
2026-09-14;3ª semana de septiembre (14-20);2026-09-14;2026-09-20;sábado;cena;2;Rollitos de la Yaya
2026-09-14;3ª semana de septiembre (14-20);2026-09-14;2026-09-20;domingo;comida;1;Macarrones con salchichas
2026-09-14;3ª semana de septiembre (14-20);2026-09-14;2026-09-20;domingo;cena;1;Rollitos de la Yaya
2026-09-14;3ª semana de septiembre (14-20);2026-09-14;2026-09-20;domingo;cena;2;Queso fresco
2026-09-21;4ª semana de septiembre (21-27);2026-09-21;2026-09-27;lunes;comida;1;Sopa de pollo
2026-09-21;4ª semana de septiembre (21-27);2026-09-21;2026-09-27;lunes;comida;2;Rollitos de la Yaya
2026-09-21;4ª semana de septiembre (21-27);2026-09-21;2026-09-27;lunes;cena;1;Revuelto de gulas, gambas y huevo
2026-09-21;4ª semana de septiembre (21-27);2026-09-21;2026-09-27;martes;comida;1;Guisantes con jamón
2026-09-21;4ª semana de septiembre (21-27);2026-09-21;2026-09-27;martes;comida;2;Calamares
2026-09-21;4ª semana de septiembre (21-27);2026-09-21;2026-09-27;martes;cena;1;Lomo con queso
2026-09-21;4ª semana de septiembre (21-27);2026-09-21;2026-09-27;martes;cena;2;Puré o crema de verduras
2026-09-21;4ª semana de septiembre (21-27);2026-09-21;2026-09-27;miércoles;comida;1;Arroz con pollo
2026-09-21;4ª semana de septiembre (21-27);2026-09-21;2026-09-27;miércoles;cena;1;Croquetas congeladas
2026-09-21;4ª semana de septiembre (21-27);2026-09-21;2026-09-27;miércoles;cena;2;Puré o crema de verduras
2026-09-21;4ª semana de septiembre (21-27);2026-09-21;2026-09-27;jueves;comida;1;Puré o crema de verduras
2026-09-21;4ª semana de septiembre (21-27);2026-09-21;2026-09-27;jueves;comida;2;Tortilla
2026-09-21;4ª semana de septiembre (21-27);2026-09-21;2026-09-27;jueves;cena;1;Hamburguesa de pollo
2026-09-21;4ª semana de septiembre (21-27);2026-09-21;2026-09-27;jueves;cena;2;Queso fresco
2026-09-21;4ª semana de septiembre (21-27);2026-09-21;2026-09-27;viernes;comida;1;Restaurante
2026-09-21;4ª semana de septiembre (21-27);2026-09-21;2026-09-27;viernes;cena;1;Lomo con queso
2026-09-21;4ª semana de septiembre (21-27);2026-09-21;2026-09-27;viernes;cena;2;Queso fresco
2026-09-21;4ª semana de septiembre (21-27);2026-09-21;2026-09-27;sábado;comida;1;Macarrones con salchichas
2026-09-21;4ª semana de septiembre (21-27);2026-09-21;2026-09-27;sábado;cena;1;Revuelto de gulas, gambas y huevo
2026-09-21;4ª semana de septiembre (21-27);2026-09-21;2026-09-27;sábado;cena;2;Queso fresco
2026-09-21;4ª semana de septiembre (21-27);2026-09-21;2026-09-27;domingo;comida;1;Macarrones con salchichas
2026-09-21;4ª semana de septiembre (21-27);2026-09-21;2026-09-27;domingo;cena;1;Rollitos de la Yaya
2026-09-21;4ª semana de septiembre (21-27);2026-09-21;2026-09-27;domingo;cena;2;Queso fresco
2026-10-05;2ª semana de octubre (5-11);2026-10-05;2026-10-11;lunes;desayuno;1;Desayuno guarde
2026-10-05;2ª semana de octubre (5-11);2026-10-05;2026-10-11;lunes;almuerzo;1;Almuerzo guarde
2026-10-05;2ª semana de octubre (5-11);2026-10-05;2026-10-11;lunes;comida;1;Menú guarde
2026-10-05;2ª semana de octubre (5-11);2026-10-05;2026-10-11;lunes;merienda;1;Yogur natural con fruta
2026-10-05;2ª semana de octubre (5-11);2026-10-05;2026-10-11;lunes;cena;1;Revuelto de gulas, gambas y huevo
2026-10-05;2ª semana de octubre (5-11);2026-10-05;2026-10-11;lunes;cena;2;Puré o crema de verduras
2026-10-05;2ª semana de octubre (5-11);2026-10-05;2026-10-11;martes;desayuno;1;Desayuno guarde
2026-10-05;2ª semana de octubre (5-11);2026-10-05;2026-10-11;martes;almuerzo;1;Almuerzo guarde
2026-10-05;2ª semana de octubre (5-11);2026-10-05;2026-10-11;martes;comida;1;Menú guarde
2026-10-05;2ª semana de octubre (5-11);2026-10-05;2026-10-11;martes;merienda;1;Yogur natural con fruta
2026-10-05;2ª semana de octubre (5-11);2026-10-05;2026-10-11;martes;cena;1;Puré de verduras con pescado
2026-10-05;2ª semana de octubre (5-11);2026-10-05;2026-10-11;miércoles;desayuno;1;Desayuno guarde
2026-10-05;2ª semana de octubre (5-11);2026-10-05;2026-10-11;miércoles;almuerzo;1;Almuerzo guarde
2026-10-05;2ª semana de octubre (5-11);2026-10-05;2026-10-11;miércoles;comida;1;Menú guarde
2026-10-05;2ª semana de octubre (5-11);2026-10-05;2026-10-11;miércoles;merienda;1;Yogur natural con fruta
2026-10-05;2ª semana de octubre (5-11);2026-10-05;2026-10-11;miércoles;cena;1;Arroz con pollo
2026-10-05;2ª semana de octubre (5-11);2026-10-05;2026-10-11;jueves;desayuno;1;Desayuno guarde
2026-10-05;2ª semana de octubre (5-11);2026-10-05;2026-10-11;jueves;almuerzo;1;Almuerzo guarde
2026-10-05;2ª semana de octubre (5-11);2026-10-05;2026-10-11;jueves;comida;1;Menú guarde
2026-10-05;2ª semana de octubre (5-11);2026-10-05;2026-10-11;jueves;merienda;1;Galletas integrales con leche
2026-10-05;2ª semana de octubre (5-11);2026-10-05;2026-10-11;jueves;cena;1;Tortilla
2026-10-05;2ª semana de octubre (5-11);2026-10-05;2026-10-11;jueves;cena;2;Gulas salteadas con gambas y ajo
2026-10-05;2ª semana de octubre (5-11);2026-10-05;2026-10-11;viernes;desayuno;1;Desayuno guarde
2026-10-05;2ª semana de octubre (5-11);2026-10-05;2026-10-11;viernes;almuerzo;1;Almuerzo guarde
2026-10-05;2ª semana de octubre (5-11);2026-10-05;2026-10-11;viernes;comida;1;Menú guarde
2026-10-05;2ª semana de octubre (5-11);2026-10-05;2026-10-11;viernes;merienda;1;Bizcocho casero de yogur
2026-10-05;2ª semana de octubre (5-11);2026-10-05;2026-10-11;viernes;cena;1;Macarrones con salchichas
2026-10-05;2ª semana de octubre (5-11);2026-10-05;2026-10-11;sábado;desayuno;1;Tostada de tomate aguacate y pavo
2026-10-05;2ª semana de octubre (5-11);2026-10-05;2026-10-11;sábado;almuerzo;1;Yogur natural con fruta
2026-10-05;2ª semana de octubre (5-11);2026-10-05;2026-10-11;sábado;comida;1;Arroz con huevo y carne
2026-10-05;2ª semana de octubre (5-11);2026-10-05;2026-10-11;sábado;merienda;1;Bizcocho casero de yogur
2026-10-05;2ª semana de octubre (5-11);2026-10-05;2026-10-11;sábado;merienda;2;Vaso de leche con cacao
2026-10-05;2ª semana de octubre (5-11);2026-10-05;2026-10-11;sábado;cena;1;Sopa de pollo
2026-10-05;2ª semana de octubre (5-11);2026-10-05;2026-10-11;sábado;cena;2;Berenjenas rellenas
2026-10-05;2ª semana de octubre (5-11);2026-10-05;2026-10-11;domingo;desayuno;1;Tostada de pan integral con tomate y aceite
2026-10-05;2ª semana de octubre (5-11);2026-10-05;2026-10-11;domingo;desayuno;2;Bizcocho casero de yogur
2026-10-05;2ª semana de octubre (5-11);2026-10-05;2026-10-11;domingo;almuerzo;1;Yogur natural con fruta
2026-10-05;2ª semana de octubre (5-11);2026-10-05;2026-10-11;domingo;comida;1;Lentejas con verduras y pollo
2026-10-05;2ª semana de octubre (5-11);2026-10-05;2026-10-11;domingo;merienda;1;Yogur natural con fruta
2026-10-05;2ª semana de octubre (5-11);2026-10-05;2026-10-11;domingo;cena;1;Puré de verduras con carne
